{
    "typeName": "AWSUtility::CloudFormation::CommandRunner",
    "description": "The AWSUtility::CloudFormation::CommandRunner resource runs any command provided to it before or after any Stack resource. The output of the command can be accessed by using Fn::GetAtt on the AWSUtility::CloudFormation::CommandRunner resource.",
    "properties": {
        "Command": {
            "description": "The command to be run using the provided IAM role. Use '>' to output to the file /command-output.txt and it will be available when referencing this resource using Fn::Ref.",
            "type": "string"
        },
        "Role": {
            "description": "The IAM role used to run the specified command.",
            "type": "string"
        },
        "LogGroup": {
            "description": "The CloudWatch Log Group to stream the logs from the specified command.",
            "type": "string"
        },
        "Triggers": {
            "type": "string",
            "description": "Comma delimited string to specify which stack operations trigger the command. Allowed values are Create,Update.",
            "default": "Create"
        },
        "Output": {
            "type": "string",
            "description": "Output of the command that was executed."
        },
        "Id": {
            "type": "string",
            "description": "Id of the command executed [Read-Only]"
        },
        "SubnetId": {
            "type": "string",
            "description": "Id of the Subnet to execute the command in."
        },
        "SecurityGroupId": {
            "type": "string",
            "description": "Id of the Security Group to attach to the instance the command is run in. If using SecurityGroup, SubnetId is required."
        }
    },
    "additionalProperties": false,
    "required": [
        "Command",
        "Role"
    ],
    "readOnlyProperties": [
        "/properties/Output",
        "/properties/Id"
    ],
    "primaryIdentifier": [
        "/properties/Id"
    ],
    "handlers": {
        "create": {
            "permissions": [
                "ec2:DescribeSubnets",
                "ec2:DescribeVpcs",
                "ec2:DescribeSecurityGroups",
                "ec2:CreateSecurityGroup",
                "ec2:RevokeSecurityGroupEgress",
                "ec2:RevokeSecurityGroupIngress",
                "ec2:CreateTags",
                "ec2:AuthorizeSecurityGroupIngress",
                "ec2:AuthorizeSecurityGroupEgress",
                "ec2:RunInstances",
                "ec2:DescribeInstances",
                "ec2:TerminateInstances",
                "ec2:DeleteSecurityGroup",
                "cloudformation:DeleteStack",
                "cloudformation:CreateStack",
                "cloudformation:DescribeStacks",
                "cloudwatch:CreateLogStream",
                "cloudwatch:DescribeLogGroups",
                "cloudwatch:PutMetricData",
                "ssm:GetParameter",
                "ssm:PutParameter",
                "iam:PassRole"
            ]
        },
        "read": {
            "permissions": [
                "ssm:GetParameter",
                "cloudwatch:PutMetricData"
            ]
        },
        "delete": {
            "permissions": [
                "ssm:DeleteParameter"
            ]
        }
    }
}